F BOTA I. OTILIA FLORINA
F CHENDE LAVINIA ROXANA https://www.facebook.com/laviniutza16
F CHIS A. BIANCA ALEXANDRA https://www.facebook.com/chisbi?fref=ts
F FARCAS T. COSMINA FLORINA https://www.facebook.com/cosminutza.farcas
B FODOCA A. ALEXANDRU PAUL https://www.facebook.com/alexandru.fodoca
F GORGAN I. IOANA MARIANA https://www.facebook.com/ioana.gorgan.5
B GROZE RARES CRISTIAN https://www.facebook.com/rarescristian.groze?fref=ts
B HASMASAN V. FLORIN VASILE https://www.facebook.com/HasmasanFlorin?fref=ts
B INDRECAN S. PAUL DAN https://www.facebook.com/indrecan.paul.dan?fref=ts
B MAN A. VASILE RAUL https://www.facebook.com/raul.man.58?fref=ts
F MARINCAS D. ROXANA https://www.facebook.com/axaoxi?fref=ts
B MURESAN ADRIAN OVIDIU https://www.facebook.com/adrian.muresan.125
F MURESAN D. LORENA https://www.facebook.com/lorena.muresan
B ONICA N. NICOLAE FLORIAN https://www.facebook.com/onica.florin.1
B OPRIS D. ANDREI MIHAI https://www.facebook.com/andrei.opris.94
B PACURAR V. GEORGE https://www.facebook.com/george.pacurar
B PETOK S. LORAND https://www.facebook.com/lorand.petok.5
B PETREAN ANDREI https://www.facebook.com/andrei.petrean
F POP T. RALUCA TEODORA https://www.facebook.com/pop.raluca.39
F POP V. ALINA MARIA https://www.facebook.com/alina.pop.5249
B PRODAN V. GEORGE ALEXANDRU https://www.facebook.com/prodan.george.73
B RAD I. ANDREI DAN https://www.facebook.com/AndreiRadD?fref=ts
B RAD N. NICOLAS ANDREI https://www.facebook.com/smake.andrei
B SALAMON ADRIAN PAUL https://www.facebook.com/adrian.salamon.31
B SZUCS I. ROBERT https://www.facebook.com/szucs.robert.334
B TALOS L. DENNIS DANIEL https://www.facebook.com/talden.hawk
B TIRLEA F. IONUT FLORIN https://www.facebook.com/tirlea.ionut.58
B TRIPON T. CALIN https://www.facebook.com/calin2tripon
B VEGH S. CRISTIAN https://www.facebook.com/vegh.cristi
B OPRIS E. BOGDAN ALEXANDRU https://www.facebook.com/bogdanalexandru.opris?fref=ts
